Id,Label
GCA,GCA
GTT,GTT
CCG,CCG
CCT,CCT
CAA,CAA
TGG,TGG
TCT,TCT
GGT,GGT
TCG,TCG
TCA,TCA
ACG,ACG
AGC,AGC
TGA,TGA
GCC,GCC
GCT,GCT
TCC,TCC
GCG,GCG
CCA,CCA
CTG,CTG
AAC,AAC
CAT,CAT
GTA,GTA
CGG,CGG
AGA,AGA
ATA,ATA
CGT,CGT
TAA,TAA
GGC,GGC
GAT,GAT
TGT,TGT
GGG,GGG
AGG,AGG
AGT,AGT
TAT,TAT
ACC,ACC
CTT,CTT
GAA,GAA
CGA,CGA
TGC,TGC
GTC,GTC
ACT,ACT
TAC,TAC
CGC,CGC
CAC,CAC
GTG,GTG
TTT,TTT
ACA,ACA
TTA,TTA
ATT,ATT
CCC,CCC
AAT,AAT
AAA,AAA
TTG,TTG
ATG,ATG
CTC,CTC
GGA,GGA
ATC,ATC
CTA,CTA
TTC,TTC
GAG,GAG
GAC,GAC
TAG,TAG
AAG,AAG
CAG,CAG
